word	label	count
бір	unclassified_short	36784
мың	unclassified_short	34130
жүз	unclassified_short	31689
ал	discourse_filler	11145
сол	discourse_filler	10310
өз	unclassified_short	8955
еді	unclassified_short	8248
ақ	unclassified_short	7943
көп	unclassified_short	6821
жыл	unclassified_short	6592
ең	unclassified_short	5985
елу	unclassified_short	5969
енді	discourse_filler	5923
пен	unclassified_short	5323
бас	unclassified_short	5110
оны	unclassified_short	4832
өзі	unclassified_short	4637
жалпы	discourse_filler	4441
жол	unclassified_short	4287
сондықтан	discourse_filler	4008
жас	unclassified_short	3928
соң	unclassified_short	3837
іс	unclassified_short	3437
тұр	unclassified_short	3055
рет	unclassified_short	2973
сөз	unclassified_short	2844
алу	unclassified_short	2568
ұлы	unclassified_short	2537
яғни	discourse_filler	2510
оқу	unclassified_short	2493
жан	unclassified_short	2415
көз	unclassified_short	2077
заң	unclassified_short	1993
аз	unclassified_short	1980
нөл	unclassified_short	1955
аса	unclassified_short	1876
дәл	unclassified_short	1832
хан	unclassified_short	1808
ала	unclassified_short	1804
ата	unclassified_short	1804
ай	expressive_interjection	1792
ірі	unclassified_short	1687
қыз	unclassified_short	1660
ие	unclassified_short	1651
жүр	unclassified_short	1439
ана	unclassified_short	1438
ой	expressive_interjection	1397
ету	unclassified_short	1387
ау	unclassified_short	1355
оң	unclassified_short	1354
қой	unclassified_short	1352
міне	discourse_filler	1339
кез	unclassified_short	1324
мал	unclassified_short	1307
әрине	discourse_filler	1299
зор	unclassified_short	1242
иә	unclassified_short	1214
сот	unclassified_short	1184
ер	unclassified_short	1169
сай	unclassified_short	1143
ақш	unclassified_short	1106
тіл	unclassified_short	1098
ауа	unclassified_short	1090
жиі	unclassified_short	1081
топ	unclassified_short	1055
кең	unclassified_short	1029
кей	unclassified_short	1023
жөн	unclassified_short	1019
аға	unclassified_short	988
нұр	unclassified_short	981
тез	unclassified_short	937
шын	unclassified_short	928
мән	unclassified_short	908
өрт	unclassified_short	888
күш	unclassified_short	882
газ	unclassified_short	881
қар	unclassified_short	866
мол	unclassified_short	864
әл	unclassified_short	843
қос	unclassified_short	826
ән	unclassified_short	819
көк	unclassified_short	818
еш	unclassified_short	817
ұлт	unclassified_short	816
ыыы	non_lexical_filler	811
жай	unclassified_short	803
аты	unclassified_short	794
сан	unclassified_short	775
ем	unclassified_short	771
қан	unclassified_short	752
тас	unclassified_short	725
тыс	unclassified_short	725
тым	unclassified_short	708
жел	unclassified_short	704
тап	unclassified_short	698
бет	unclassified_short	693
ы	unclassified_short	684
бақ	unclassified_short	676
тең	unclassified_short	675
әуе	unclassified_short	669
бен	unclassified_short	650
аяқ	unclassified_short	641
жүк	unclassified_short	641
бай	unclassified_short	615
бос	unclassified_short	607
таң	unclassified_short	606
есе	unclassified_short	602
кем	unclassified_short	594
рас	unclassified_short	579
сыр	unclassified_short	576
би	unclassified_short	576
тың	unclassified_short	571
тән	unclassified_short	559
ас	unclassified_short	558
әке	unclassified_short	553
шет	unclassified_short	547
ете	unclassified_short	544
ашу	unclassified_short	517
жыр	unclassified_short	512
кен	unclassified_short	505
құс	unclassified_short	492
о	unclassified_short	483
түн	unclassified_short	482
хат	unclassified_short	481
мұз	unclassified_short	473
бой	unclassified_short	465
ары	unclassified_short	464
қою	unclassified_short	459
күй	unclassified_short	436
дер	unclassified_short	424
ісі	unclassified_short	421
сәл	unclassified_short	417
іші	unclassified_short	413
а	unclassified_short	409
сын	unclassified_short	406
елі	unclassified_short	401
сүт	unclassified_short	398
ит	unclassified_short	388
ііі	non_lexical_filler	388
е	expressive_interjection	384
в	unclassified_short	380
и	unclassified_short	374
жақ	unclassified_short	371
ар	unclassified_short	371
қоя	unclassified_short	368
игі	unclassified_short	364
жою	unclassified_short	363
бер	unclassified_short	362
үйі	unclassified_short	356
қыс	unclassified_short	356
ұл	unclassified_short	350
түс	unclassified_short	348
қып	unclassified_short	336
дос	unclassified_short	334
дін	unclassified_short	334
қор	unclassified_short	333
той	unclassified_short	328
сәт	unclassified_short	323
оқ	unclassified_short	321
өту	unclassified_short	320
жат	unclassified_short	318
аң	unclassified_short	313
гүл	unclassified_short	313
әй	expressive_interjection	307
сау	unclassified_short	305
жаз	unclassified_short	301
май	unclassified_short	297
қап	expressive_interjection	294
шал	unclassified_short	291
үн	unclassified_short	289
жау	unclassified_short	286
қр	unclassified_short	284
жеп	unclassified_short	283
құр	unclassified_short	283
ды	unclassified_short	282
мұң	unclassified_short	279
тмд	unclassified_short	275
тік	unclassified_short	273
еті	unclassified_short	272
жар	unclassified_short	263
көш	unclassified_short	262
бел	unclassified_short	259
шөп	unclassified_short	253
ойы	unclassified_short	251
ту	unclassified_short	251
бол	unclassified_short	251
шай	unclassified_short	247
мас	unclassified_short	244
түк	unclassified_short	242
нан	unclassified_short	239
шу	unclassified_short	237
дей	unclassified_short	234
ара	unclassified_short	232
аяз	unclassified_short	230
зат	unclassified_short	229
сақ	unclassified_short	227
суы	unclassified_short	226
іле	unclassified_short	222
көл	unclassified_short	221
ә	expressive_interjection	211
түп	unclassified_short	210
мхм	unclassified_short	207
рөл	unclassified_short	202
дау	unclassified_short	201
ұшу	unclassified_short	201
тар	unclassified_short	200
кср	unclassified_short	199
ащы	unclassified_short	198
ның	unclassified_short	197
бал	unclassified_short	197
кел	unclassified_short	195
төл	unclassified_short	190
рим	unclassified_short	189
қыр	unclassified_short	188
жек	unclassified_short	187
ей	unclassified_short	186
сұр	unclassified_short	184
айт	unclassified_short	184
с	unclassified_short	182
күз	unclassified_short	181
ес	unclassified_short	181
сап	unclassified_short	181
үні	unclassified_short	180
птр	unclassified_short	180
қас	unclassified_short	179
із	unclassified_short	178
ері	unclassified_short	177
шақ	unclassified_short	177
қош	unclassified_short	174
мәз	unclassified_short	173
жем	unclassified_short	171
ммм	non_lexical_filler	171
қу	unclassified_short	170
аян	unclassified_short	167
һәм	unclassified_short	166
дем	unclassified_short	165
аш	unclassified_short	165
әні	unclassified_short	163
куә	unclassified_short	163
құм	unclassified_short	162
у	unclassified_short	162
оқи	unclassified_short	162
әне	unclassified_short	161
мыс	unclassified_short	160
әбу	unclassified_short	159
я	unclassified_short	159
ға	unclassified_short	158
аша	unclassified_short	157
сый	unclassified_short	155
ше	unclassified_short	155
м	expressive_interjection	155
сал	unclassified_short	153
ант	unclassified_short	153
тер	unclassified_short	151
ден	unclassified_short	150
түр	unclassified_short	149
ота	unclassified_short	148
ді	unclassified_short	145
кір	unclassified_short	144
қақ	unclassified_short	144
тіс	unclassified_short	144
гол	unclassified_short	143
дәм	unclassified_short	142
тал	unclassified_short	141
қаз	unclassified_short	140
бек	unclassified_short	140
на	unclassified_short	140
өсу	unclassified_short	138
әли	unclassified_short	138
зар	unclassified_short	137
ақы	unclassified_short	137
боз	unclassified_short	137
ми	unclassified_short	136
өлі	unclassified_short	130
апа	unclassified_short	130
паш	unclassified_short	127
көр	unclassified_short	127
нық	unclassified_short	126
ғып	unclassified_short	126
айы	unclassified_short	125
қон	unclassified_short	125
бұ	unclassified_short	124
шаң	unclassified_short	124
құл	unclassified_short	124
іш	unclassified_short	124
сән	unclassified_short	123
хақ	unclassified_short	123
бие	unclassified_short	121
иіс	unclassified_short	121
күл	unclassified_short	121
ұят	unclassified_short	119
әже	unclassified_short	117
ибн	unclassified_short	116
сср	unclassified_short	115
ойбай	expressive_interjection	115
іт	unclassified_short	113
ару	unclassified_short	113
ату	unclassified_short	112
үші	unclassified_short	111
жұп	unclassified_short	110
шүкір	expressive_interjection	108
ұры	unclassified_short	108
туа	unclassified_short	108
тоқ	unclassified_short	107
ру	unclassified_short	107
рух	unclassified_short	105
к	unclassified_short	104
жүн	unclassified_short	104
ені	unclassified_short	104
ұн	unclassified_short	102
жап	unclassified_short	100
шаш	unclassified_short	100
б	unclassified_short	99
аек	unclassified_short	98
айталық	discourse_filler	98
тұз	unclassified_short	97
өр	unclassified_short	97
құн	unclassified_short	97
нің	unclassified_short	96
дән	unclassified_short	95
есі	unclassified_short	94
қыл	unclassified_short	94
шөл	unclassified_short	93
шек	unclassified_short	93
шыр	unclassified_short	92
ду	unclassified_short	91
кек	unclassified_short	91
ия	unclassified_short	90
шық	unclassified_short	90
құю	unclassified_short	89
ізі	unclassified_short	89
кет	unclassified_short	88
хал	unclassified_short	87
бау	unclassified_short	87
шам	unclassified_short	87
ыза	unclassified_short	86
ұшы	unclassified_short	86
жә	unclassified_short	86
жәй	unclassified_short	86
нақ	unclassified_short	85
тақ	unclassified_short	84
бап	unclassified_short	84
тай	unclassified_short	84
сеп	unclassified_short	84
зал	unclassified_short	83
саз	unclassified_short	83
шер	unclassified_short	83
сом	unclassified_short	83
қарашы	expressive_interjection	82
дөп	unclassified_short	82
хош	unclassified_short	82
оты	unclassified_short	82
доп	unclassified_short	81
по	unclassified_short	80
том	unclassified_short	79
шоу	unclassified_short	79
дүр	unclassified_short	79
улы	unclassified_short	78
әз	unclassified_short	78
баж	unclassified_short	78
нью	unclassified_short	77
жшс	unclassified_short	77
шоқ	unclassified_short	75
ты	unclassified_short	75
әп	unclassified_short	75
өсе	unclassified_short	75
туу	unclassified_short	75
пеш	unclassified_short	74
жіп	unclassified_short	73
тұс	unclassified_short	73
шәй	unclassified_short	73
ті	unclassified_short	73
ли	unclassified_short	72
жоо	unclassified_short	72
дәу	unclassified_short	72
қал	unclassified_short	71
тжд	unclassified_short	70
экс	unclassified_short	70
яки	unclassified_short	68
иіп	unclassified_short	68
оп	unclassified_short	68
туы	unclassified_short	67
нәр	unclassified_short	67
арт	unclassified_short	67
т	unclassified_short	67
аю	unclassified_short	66
тор	unclassified_short	66
егу	unclassified_short	66
қа	unclassified_short	66
дом	unclassified_short	66
шым	unclassified_short	66
мін	unclassified_short	65
уыс	unclassified_short	65
әу	unclassified_short	64
шар	unclassified_short	64
куб	unclassified_short	64
сор	unclassified_short	63
төс	unclassified_short	63
кви	unclassified_short	63
құт	unclassified_short	62
ине	unclassified_short	62
ада	unclassified_short	61
өй	unclassified_short	61
дың	unclassified_short	61
деу	unclassified_short	59
ван	unclassified_short	59
жын	unclassified_short	59
иек	unclassified_short	59
ояу	unclassified_short	59
дір	unclassified_short	58
джо	unclassified_short	58
сұм	unclassified_short	57
бей	unclassified_short	57
лас	unclassified_short	57
тон	unclassified_short	56
қат	unclassified_short	56
аәк	unclassified_short	56
там	unclassified_short	56
эйр	unclassified_short	56
гөр	unclassified_short	56
ок	unclassified_short	56
зер	unclassified_short	55
бұұ	unclassified_short	55
ек	unclassified_short	55
тің	unclassified_short	54
цех	unclassified_short	54
құп	unclassified_short	54
при	unclassified_short	54
біл	unclassified_short	54
ұбт	unclassified_short	54
дон	unclassified_short	54
аяп	unclassified_short	54
биі	unclassified_short	53
өңі	unclassified_short	53
хас	unclassified_short	53
пәк	unclassified_short	53
уже	unclassified_short	53
уа	unclassified_short	53
ере	unclassified_short	53
код	unclassified_short	53
жым	unclassified_short	53
шың	unclassified_short	53
сүю	unclassified_short	52
со	unclassified_short	51
д	unclassified_short	51
ош	unclassified_short	51
хор	unclassified_short	51
баб	unclassified_short	51
жал	unclassified_short	50
иен	unclassified_short	50
лық	unclassified_short	50
қия	unclassified_short	49
ла	unclassified_short	49
пән	unclassified_short	49
асу	unclassified_short	49
жуу	unclassified_short	49
си	unclassified_short	49
миы	unclassified_short	48
аза	unclassified_short	48
лап	unclassified_short	48
емі	unclassified_short	47
дің	unclassified_short	47
ішу	unclassified_short	47
лев	unclassified_short	47
өне	unclassified_short	46
рмк	unclassified_short	46
ким	unclassified_short	46
қам	unclassified_short	46
жет	unclassified_short	45
жо	unclassified_short	45
езу	unclassified_short	44
оба	unclassified_short	44
нар	unclassified_short	44
аха	unclassified_short	44
уәж	unclassified_short	44
ке	unclassified_short	44
бу	unclassified_short	44
ою	unclassified_short	42
что	unclassified_short	42
дан	unclassified_short	42
ен	unclassified_short	42
тоқта	expressive_interjection	42
ток	unclassified_short	42
қыш	unclassified_short	41
абу	unclassified_short	41
пд	unclassified_short	41
кие	unclassified_short	41
ене	unclassified_short	40
так	unclassified_short	40
мы	unclassified_short	40
асы	unclassified_short	40
кіл	unclassified_short	40
тыл	unclassified_short	40
іні	unclassified_short	39
уақ	unclassified_short	39
ұя	unclassified_short	39
құз	unclassified_short	39
төр	unclassified_short	39
яха	unclassified_short	38
для	unclassified_short	38
іше	unclassified_short	38
ж	unclassified_short	38
ге	unclassified_short	38
иса	unclassified_short	38
леп	unclassified_short	38
қ	unclassified_short	38
жая	unclassified_short	37
акт	unclassified_short	37
тұл	unclassified_short	37
же	unclassified_short	37
тур	unclassified_short	37
веб	unclassified_short	37
шот	unclassified_short	37
өң	unclassified_short	37
жез	unclassified_short	36
қуа	unclassified_short	36
тып	unclassified_short	36
дин	unclassified_short	36
өн	unclassified_short	36
ым	unclassified_short	36
тоз	unclassified_short	36
р	unclassified_short	36
түз	unclassified_short	36
тын	unclassified_short	36
ны	unclassified_short	35
иық	unclassified_short	35
жей	unclassified_short	35
лай	unclassified_short	34
э	unclassified_short	34
дақ	unclassified_short	34
сұқ	unclassified_short	33
н	unclassified_short	33
ну	unclassified_short	33
это	unclassified_short	33
сэр	unclassified_short	33
чех	unclassified_short	32
то	unclassified_short	32
ад	unclassified_short	32
кию	unclassified_short	32
ши	unclassified_short	32
ұша	unclassified_short	32
дал	unclassified_short	32
шап	unclassified_short	32
маң	unclassified_short	32
ю	unclassified_short	31
шен	unclassified_short	31
ш	unclassified_short	31
ор	unclassified_short	31
мә	unclassified_short	31
ләм	unclassified_short	31
ғұн	unclassified_short	30
тан	unclassified_short	30
жеу	unclassified_short	30
кер	unclassified_short	30
дым	unclassified_short	30
рай	unclassified_short	30
оу	unclassified_short	30
пір	unclassified_short	29
ди	unclassified_short	29
ткш	unclassified_short	29
ссср	non_lexical_filler	29
шып	unclassified_short	29
ілу	unclassified_short	29
наз	unclassified_short	29
оза	unclassified_short	29
таз	unclassified_short	29
жып	unclassified_short	28
оқы	unclassified_short	28
шат	unclassified_short	28
из	unclassified_short	28
сүр	unclassified_short	28
жад	unclassified_short	28
бүр	unclassified_short	28
саф	unclassified_short	28
п	unclassified_short	27
как	unclassified_short	27
жия	unclassified_short	27
төк	unclassified_short	27
жон	unclassified_short	27
исі	unclassified_short	27
мо	unclassified_short	27
кит	unclassified_short	27
пай	unclassified_short	27
ием	unclassified_short	27
сес	unclassified_short	27
быт	unclassified_short	26
аят	unclassified_short	26
өле	unclassified_short	26
қхр	unclassified_short	26
лақ	unclassified_short	26
смс	unclassified_short	26
эем	unclassified_short	26
бор	unclassified_short	26
қха	unclassified_short	26
аи	unclassified_short	26
сым	unclassified_short	26
ед	unclassified_short	26
пар	unclassified_short	26
ұға	unclassified_short	26
иті	unclassified_short	25
жұт	unclassified_short	25
аль	unclassified_short	25
тәп	unclassified_short	25
ұра	unclassified_short	25
тіп	unclassified_short	25
сар	unclassified_short	25
тен	unclassified_short	25
оғы	unclassified_short	25
бкп	unclassified_short	24
вот	unclassified_short	24
дел	unclassified_short	24
сел	unclassified_short	24
ену	unclassified_short	24
лып	unclassified_short	24
зая	unclassified_short	24
дес	unclassified_short	24
аһ	unclassified_short	23
күң	unclassified_short	23
эко	unclassified_short	23
до	unclassified_short	23
сыз	unclassified_short	23
дар	unclassified_short	23
шах	unclassified_short	23
дөң	unclassified_short	23
ф	unclassified_short	23
зіл	unclassified_short	23
мөр	unclassified_short	23
жік	unclassified_short	23
өре	unclassified_short	23
сең	unclassified_short	23
все	unclassified_short	22
сая	unclassified_short	22
без	unclassified_short	22
за	unclassified_short	22
тот	unclassified_short	22
кіп	unclassified_short	22
ян	unclassified_short	22
тоң	unclassified_short	22
дат	unclassified_short	22
ктк	unclassified_short	22
өза	unclassified_short	22
қк	unclassified_short	22
пик	unclassified_short	22
жіө	unclassified_short	22
ніл	unclassified_short	22
жең	unclassified_short	22
қуу	unclassified_short	22
рнқ	unclassified_short	22
мэй	unclassified_short	22
дик	unclassified_short	22
ти	unclassified_short	21
лек	unclassified_short	21
тін	unclassified_short	21
но	unclassified_short	21
күт	unclassified_short	21
мрт	unclassified_short	21
сүй	unclassified_short	21
тәй	unclassified_short	21
ева	unclassified_short	21
ин	unclassified_short	20
ее	unclassified_short	20
қию	unclassified_short	20
пцр	unclassified_short	20
гфр	unclassified_short	20
ко	unclassified_short	20
ред	unclassified_short	20
сұп	unclassified_short	20
чек	unclassified_short	20
уыз	unclassified_short	20
кес	unclassified_short	20
бқо	unclassified_short	19
шқо	unclassified_short	19
тыю	unclassified_short	19
тие	unclassified_short	19
бүл	unclassified_short	19
ө	unclassified_short	19
үкі	unclassified_short	19
азу	unclassified_short	19
пол	unclassified_short	19
рф	unclassified_short	19
тұп	unclassified_short	19
опа	unclassified_short	19
фон	unclassified_short	19
шие	unclassified_short	18
пак	unclassified_short	18
сэс	unclassified_short	18
днк	unclassified_short	18
х	unclassified_short	18
зу	unclassified_short	18
цой	unclassified_short	18
ваз	unclassified_short	18
міз	unclassified_short	18
шыт	unclassified_short	18
беу	unclassified_short	18
мең	unclassified_short	17
баз	unclassified_short	17
эээ	non_lexical_filler	17
соқ	unclassified_short	17
иін	unclassified_short	17
мм	non_lexical_filler	17
қым	unclassified_short	17
юра	unclassified_short	17
лтд	unclassified_short	17
фан	unclassified_short	17
бәз	unclassified_short	17
руы	unclassified_short	17
өш	unclassified_short	17
жуа	unclassified_short	17
ха	unclassified_short	17
қтж	unclassified_short	16
бғм	unclassified_short	16
три	unclassified_short	16
мүк	unclassified_short	16
нұх	unclassified_short	16
пан	unclassified_short	16
мкк	unclassified_short	16
кт	unclassified_short	16
жак	unclassified_short	16
рең	unclassified_short	16
жа	unclassified_short	16
зәр	unclassified_short	16
риа	unclassified_short	16
эль	unclassified_short	16
міс	unclassified_short	16
сы	unclassified_short	16
аял	unclassified_short	16
ах	unclassified_short	16
пұт	unclassified_short	16
қи	unclassified_short	16
л	unclassified_short	16
қит	unclassified_short	16
арс	unclassified_short	16
бин	unclassified_short	16
нең	unclassified_short	16
нед	unclassified_short	16
й	unclassified_short	16
лу	unclassified_short	15
бәс	unclassified_short	15
ұқп	unclassified_short	15
нем	unclassified_short	15
құя	unclassified_short	15
пәл	unclassified_short	15
сам	unclassified_short	15
мс	unclassified_short	15
бүк	unclassified_short	15
мед	unclassified_short	15
хаб	unclassified_short	15
лос	unclassified_short	15
ойл	unclassified_short	15
жэо	unclassified_short	15
ан	unclassified_short	15
ұны	unclassified_short	15
мир	unclassified_short	15
ле	unclassified_short	15
тип	unclassified_short	15
оян	unclassified_short	15
ұяң	unclassified_short	15
г	unclassified_short	15
гу	unclassified_short	15
уф	unclassified_short	15
мөп	unclassified_short	15
чен	unclassified_short	15
жоя	unclassified_short	14
об	unclassified_short	14
тәу	unclassified_short	14
түу	unclassified_short	14
сия	unclassified_short	14
риу	unclassified_short	14
аэа	unclassified_short	14
уай	unclassified_short	14
сім	unclassified_short	14
зтб	unclassified_short	14
оар	unclassified_short	14
әкк	unclassified_short	14
шұ	unclassified_short	14
теп	unclassified_short	14
әк	unclassified_short	14
үзе	unclassified_short	14
мэн	unclassified_short	14
ұғу	unclassified_short	14
ң	unclassified_short	14
ү	unclassified_short	14
пыр	unclassified_short	14
есу	unclassified_short	13
ком	unclassified_short	13
уы	unclassified_short	13
кон	unclassified_short	13
рей	unclassified_short	13
хаа	unclassified_short	13
пас	unclassified_short	13
мая	unclassified_short	13
пұл	unclassified_short	13
аэс	unclassified_short	13
али	unclassified_short	13
лор	unclassified_short	13
буы	unclassified_short	13
мин	unclassified_short	13
зең	unclassified_short	13
зыр	unclassified_short	13
миф	unclassified_short	13
пыс	unclassified_short	13
дәп	unclassified_short	13
ын	unclassified_short	13
рок	unclassified_short	12
мун	unclassified_short	12
пәс	unclassified_short	12
азы	unclassified_short	12
икс	unclassified_short	12
мын	unclassified_short	12
или	unclassified_short	12
их	unclassified_short	12
сою	unclassified_short	12
гүр	unclassified_short	12
кю	unclassified_short	12
аөк	unclassified_short	12
ввс	unclassified_short	12
рио	unclassified_short	12
соя	unclassified_short	12
ұру	unclassified_short	12
уһ	expressive_interjection	12
маи	unclassified_short	12
фин	unclassified_short	12
тұқ	unclassified_short	12
ебі	unclassified_short	12
жэс	unclassified_short	12
сқ	unclassified_short	12
иді	unclassified_short	12
ява	unclassified_short	12
ман	unclassified_short	12
обь	unclassified_short	12
көн	unclassified_short	12
ші	unclassified_short	12
бэк	unclassified_short	12
ұқ	unclassified_short	12
ояз	unclassified_short	12
кп	unclassified_short	12
шиқ	unclassified_short	12
еге	unclassified_short	12
ұқк	unclassified_short	12
бтр	unclassified_short	12
сул	unclassified_short	12
қб	unclassified_short	11
ст	unclassified_short	11
ып	unclassified_short	11
һ	unclassified_short	11
днқ	unclassified_short	11
ва	unclassified_short	11
з	unclassified_short	11
жсн	unclassified_short	11
өл	unclassified_short	11
уаң	unclassified_short	11
ғо	unclassified_short	11
ска	unclassified_short	11
ео	unclassified_short	11
қаж	unclassified_short	11
гәп	unclassified_short	11
бжт	unclassified_short	11
ник	unclassified_short	11
ноу	unclassified_short	11
шая	unclassified_short	11
ген	unclassified_short	11
луи	unclassified_short	11
тжк	unclassified_short	11
са	unclassified_short	11
ың	unclassified_short	11
ули	unclassified_short	11
ч	unclassified_short	11
тв	unclassified_short	11
ағы	unclassified_short	11
ін	unclassified_short	11
сі	unclassified_short	11
уаз	unclassified_short	11
ұр	unclassified_short	11
шеп	unclassified_short	11
гдр	unclassified_short	11
мық	unclassified_short	11
чан	unclassified_short	11
тыр	unclassified_short	11
мим	unclassified_short	11
шоң	unclassified_short	10
ни	unclassified_short	10
тжб	unclassified_short	10
ұта	unclassified_short	10
үз	unclassified_short	10
мтз	unclassified_short	10
шоб	unclassified_short	10
ұш	unclassified_short	10
чат	unclassified_short	10
ашм	unclassified_short	10
ку	unclassified_short	10
сац	unclassified_short	10
әм	unclassified_short	10
абд	unclassified_short	10
ні	unclassified_short	10
био	unclassified_short	10
ки	unclassified_short	10
таш	unclassified_short	10
ги	unclassified_short	10
баә	unclassified_short	10
діл	unclassified_short	10
іід	unclassified_short	10
ура	unclassified_short	10
әд	unclassified_short	10
ір	unclassified_short	10
аақ	unclassified_short	10
зия	unclassified_short	10
оля	unclassified_short	10
сқо	unclassified_short	10
ери	unclassified_short	9
бы	unclassified_short	9
вообще	discourse_filler	9
ех	unclassified_short	9
эй	unclassified_short	9
джи	unclassified_short	9
зк	unclassified_short	9
фуд	unclassified_short	9
хит	unclassified_short	9
ион	unclassified_short	9
өлу	unclassified_short	9
кан	unclassified_short	9
дэн	unclassified_short	9
іі	non_lexical_filler	9
эцқ	unclassified_short	9
мес	unclassified_short	9
бәр	unclassified_short	9
бит	unclassified_short	9
иа	unclassified_short	9
жұз	unclassified_short	9
кмм	unclassified_short	9
се	unclassified_short	9
уә	unclassified_short	9
әс	unclassified_short	9
маз	unclassified_short	9
иіі	unclassified_short	9
пб	unclassified_short	9
үп	unclassified_short	9
тыя	unclassified_short	9
эра	unclassified_short	9
рум	unclassified_short	9
нзм	unclassified_short	9
чип	unclassified_short	9
піл	unclassified_short	9
ао	unclassified_short	9
гпу	unclassified_short	9
кеу	unclassified_short	9
аяр	unclassified_short	9
квн	unclassified_short	9
хе	unclassified_short	9
апл	unclassified_short	9
роз	unclassified_short	9
тық	unclassified_short	9
йод	unclassified_short	8
тұт	unclassified_short	8
шри	unclassified_short	8
смм	unclassified_short	8
оф	unclassified_short	8
вы	unclassified_short	8
фут	unclassified_short	8
абэ	unclassified_short	8
алақай	expressive_interjection	8
лю	unclassified_short	8
жи	unclassified_short	8
рая	unclassified_short	8
кз	unclassified_short	8
тию	unclassified_short	8
шок	unclassified_short	8
аж	unclassified_short	8
хау	unclassified_short	8
пи	unclassified_short	8
рао	unclassified_short	8
ыр	unclassified_short	8
янь	unclassified_short	8
ск	unclassified_short	8
шуы	unclassified_short	8
ху	unclassified_short	8
іро	unclassified_short	8
поп	unclassified_short	8
ғ	unclassified_short	8
v	unclassified_short	8
дуа	unclassified_short	8
дік	unclassified_short	8
рэп	unclassified_short	8
бах	unclassified_short	8
тоя	unclassified_short	8
вкп	unclassified_short	8
фау	unclassified_short	8
зып	unclassified_short	8
ц	unclassified_short	8
сш	unclassified_short	8
хи	unclassified_short	8
дсм	unclassified_short	8
ғап	unclassified_short	8
іім	unclassified_short	8
паң	unclassified_short	8
сян	unclassified_short	8
шүн	unclassified_short	7
ық	unclassified_short	7
көң	unclassified_short	7
бө	unclassified_short	7
чем	unclassified_short	7
просто	discourse_filler	7
его	unclassified_short	7
во	unclassified_short	7
нас	unclassified_short	7
эс	unclassified_short	7
тж	unclassified_short	7
вак	unclassified_short	7
ұк	unclassified_short	7
мжә	unclassified_short	7
дсұ	unclassified_short	7
еэк	unclassified_short	7
ся	unclassified_short	7
дцп	unclassified_short	7
тим	unclassified_short	7
ак	unclassified_short	7
шрш	unclassified_short	7
хқо	unclassified_short	7
сон	unclassified_short	7
эм	unclassified_short	7
еұу	unclassified_short	7
жіі	unclassified_short	7
шыұ	unclassified_short	7
ііс	unclassified_short	7
дұп	unclassified_short	7
жаң	unclassified_short	7
кар	unclassified_short	7
күс	unclassified_short	7
люк	unclassified_short	7
мак	unclassified_short	7
гай	unclassified_short	7
лун	unclassified_short	7
дай	unclassified_short	7
тос	unclassified_short	7
сыя	unclassified_short	7
фи	unclassified_short	7
уфа	unclassified_short	7
нән	unclassified_short	7
мәссаған	expressive_interjection	7
еһ	unclassified_short	7
нәп	unclassified_short	7
кг	unclassified_short	7
орк	unclassified_short	7
хх	unclassified_short	7
ұ	unclassified_short	7
қаш	unclassified_short	7
еп	unclassified_short	7
ұям	unclassified_short	7
құй	unclassified_short	7
бад	unclassified_short	7
дұр	unclassified_short	7
бөл	unclassified_short	7
шүй	unclassified_short	7
уын	unclassified_short	7
чин	unclassified_short	6
узи	unclassified_short	6
іп	unclassified_short	6
ааа	non_lexical_filler	6
іә	unclassified_short	6
еще	unclassified_short	6
две	unclassified_short	6
она	unclassified_short	6
ето	unclassified_short	6
нет	unclassified_short	6
рау	unclassified_short	6
беқ	unclassified_short	6
дам	unclassified_short	6
сүф	unclassified_short	6
ғы	unclassified_short	6
брт	unclassified_short	6
аср	unclassified_short	6
жко	unclassified_short	6
нор	unclassified_short	6
жсқ	unclassified_short	6
хжқ	unclassified_short	6
қы	unclassified_short	6
нам	unclassified_short	6
нат	unclassified_short	6
сяо	unclassified_short	6
офф	unclassified_short	6
юан	unclassified_short	6
душ	unclassified_short	6
қау	unclassified_short	6
бо	unclassified_short	6
шөк	unclassified_short	6
бк	unclassified_short	6
кук	unclassified_short	6
сс	unclassified_short	6
қви	unclassified_short	6
іжө	unclassified_short	6
экг	unclassified_short	6
зе	unclassified_short	6
жтс	unclassified_short	6
ағу	unclassified_short	6
иш	unclassified_short	6
зил	unclassified_short	6
шау	unclassified_short	6
млн	unclassified_short	6
ка	unclassified_short	6
рем	unclassified_short	6
фу	unclassified_short	6
цин	unclassified_short	6
апб	unclassified_short	6
цзы	unclassified_short	6
ғзи	unclassified_short	6
өб	unclassified_short	6
мар	unclassified_short	6
ая	unclassified_short	6
еле	unclassified_short	6
рик	unclassified_short	6
сой	unclassified_short	6
үр	unclassified_short	6
аяу	unclassified_short	6
қто	unclassified_short	6
мр	unclassified_short	6
дао	unclassified_short	6
сұс	unclassified_short	6
ұлу	unclassified_short	6
мтс	unclassified_short	6
хой	unclassified_short	6
зоя	unclassified_short	6
шан	unclassified_short	6
өс	unclassified_short	6
ваң	unclassified_short	6
быж	unclassified_short	6
әжі	unclassified_short	6
чжу	unclassified_short	6
мам	unclassified_short	6
қыт	unclassified_short	6
ірк	unclassified_short	6
тел	unclassified_short	5
ій	unclassified_short	5
әль	unclassified_short	5
мук	unclassified_short	5
ігі	unclassified_short	5
ля	unclassified_short	5
чжэ	unclassified_short	5
рак	unclassified_short	5
ұма	unclassified_short	5
ста	unclassified_short	5
вас	unclassified_short	5
они	unclassified_short	5
них	unclassified_short	5
наш	unclassified_short	5
мой	unclassified_short	5
тем	unclassified_short	5
өру	unclassified_short	5
әч	unclassified_short	5
ұту	unclassified_short	5
два	unclassified_short	5
лиц	unclassified_short	5
энд	unclassified_short	5
яп	unclassified_short	5
қхп	unclassified_short	5
тая	unclassified_short	5
мыі	unclassified_short	5
өну	unclassified_short	5
шеш	unclassified_short	5
хэ	unclassified_short	5
энн	unclassified_short	5
гмо	unclassified_short	5
каз	unclassified_short	5
шеф	unclassified_short	5
қо	unclassified_short	5
шіл	unclassified_short	5
үеұ	unclassified_short	5
жаю	unclassified_short	5
см	unclassified_short	5
нс	unclassified_short	5
го	unclassified_short	5
тжм	unclassified_short	5
идм	unclassified_short	5
жқу	unclassified_short	5
мб	unclassified_short	5
спа	unclassified_short	5
ұбх	unclassified_short	5
жұм	unclassified_short	5
лак	unclassified_short	5
сим	unclassified_short	5
тмккк	non_lexical_filler	5
ий	unclassified_short	5
үһ	unclassified_short	5
тия	unclassified_short	5
рой	unclassified_short	5
под	unclassified_short	5
ппч	unclassified_short	5
зум	unclassified_short	5
тый	unclassified_short	5
фэн	unclassified_short	5
қоң	unclassified_short	5
алп	unclassified_short	5
биг	unclassified_short	5
оск	unclassified_short	5
бак	unclassified_short	5
ун	unclassified_short	5
ясы	unclassified_short	5
эл	unclassified_short	5
мсқ	unclassified_short	5
өрі	unclassified_short	5
айя	unclassified_short	5
құж	unclassified_short	5
лао	unclassified_short	5
кид	unclassified_short	5
сың	unclassified_short	5
рқб	unclassified_short	5
аяң	unclassified_short	5
га	unclassified_short	5
бэр	unclassified_short	5
шел	unclassified_short	5
ұрт	unclassified_short	5
еһе	unclassified_short	5
мод	unclassified_short	5
қом	unclassified_short	5
эх	unclassified_short	5
иір	unclassified_short	5
буа	unclassified_short	5
зым	unclassified_short	5
фтф	unclassified_short	5
рэт	unclassified_short	5
эпт	unclassified_short	5
циң	unclassified_short	5
зәу	unclassified_short	5
рнк	unclassified_short	5
уса	unclassified_short	5
риф	unclassified_short	5
лүп	unclassified_short	5
аа	non_lexical_filler	5
оқо	unclassified_short	5
күп	unclassified_short	5
қмг	unclassified_short	5
рбк	unclassified_short	5
ию	unclassified_short	5
рақ	unclassified_short	5
рут	unclassified_short	5
бүй	unclassified_short	5
баю	unclassified_short	5
ім	unclassified_short	5
ұос	unclassified_short	5
вк	unclassified_short	5
раң	unclassified_short	5
нол	unclassified_short	5
хо	unclassified_short	5
шин	unclassified_short	4
ұкп	unclassified_short	4
шим	unclassified_short	4
джэ	unclassified_short	4
был	unclassified_short	4
эта	unclassified_short	4
им	unclassified_short	4
суд	unclassified_short	4
лет	unclassified_short	4
эти	unclassified_short	4
кто	unclassified_short	4
шем	unclassified_short	4
еее	non_lexical_filler	4
где	unclassified_short	4
окқ	unclassified_short	4
абс	unclassified_short	4
гот	unclassified_short	4
мінәжатттық	non_lexical_filler	4
киа	unclassified_short	4
жпқ	unclassified_short	4
раб	unclassified_short	4
абк	unclassified_short	4
сок	unclassified_short	4
іне	unclassified_short	4
ңұр	unclassified_short	4
мэс	unclassified_short	4
яғ	unclassified_short	4
юла	unclassified_short	4
вич	unclassified_short	4
йи	unclassified_short	4
мңы	unclassified_short	4
дэф	unclassified_short	4
ұп	unclassified_short	4
ски	unclassified_short	4
аг	unclassified_short	4
фюн	unclassified_short	4
пул	unclassified_short	4
бис	unclassified_short	4
еке	unclassified_short	4
оак	unclassified_short	4
екң	unclassified_short	4
бт	unclassified_short	4
удз	unclassified_short	4
нуы	unclassified_short	4
юн	unclassified_short	4
уау	expressive_interjection	4
шжқ	unclassified_short	4
дед	unclassified_short	4
рон	unclassified_short	4
год	unclassified_short	4
про	unclassified_short	4
сыл	unclassified_short	4
еру	unclassified_short	4
бат	unclassified_short	4
лрт	unclassified_short	4
лир	unclassified_short	4
ов	unclassified_short	4
кө	unclassified_short	4
ади	unclassified_short	4
ида	unclassified_short	4
өжж	unclassified_short	4
рәш	unclassified_short	4
түю	unclassified_short	4
опо	unclassified_short	4
тэк	unclassified_short	4
уат	unclassified_short	4
втб	unclassified_short	4
фао	unclassified_short	4
боб	unclassified_short	4
бі	unclassified_short	4
тұм	unclassified_short	4
қиқ	unclassified_short	4
гөй	unclassified_short	4
қкп	unclassified_short	4
лар	unclassified_short	4
шад	unclassified_short	4
төз	unclassified_short	4
тус	unclassified_short	4
рам	unclassified_short	4
ққ	unclassified_short	4
мэр	unclassified_short	4
янг	unclassified_short	4
буг	unclassified_short	4
рэй	unclassified_short	4
яда	unclassified_short	4
гог	unclassified_short	4
бим	unclassified_short	4
ом	unclassified_short	4
кгс	unclassified_short	4
сю	unclassified_short	4
ода	unclassified_short	4
шік	unclassified_short	4
тжқ	unclassified_short	4
әб	unclassified_short	4
жкх	unclassified_short	4
мім	unclassified_short	4
зау	unclassified_short	4
лаң	unclassified_short	4
тәж	unclassified_short	4
шэн	unclassified_short	4
дус	unclassified_short	4
дәт	unclassified_short	4
ух	unclassified_short	4
чон	unclassified_short	4
сез	unclassified_short	4
ось	unclassified_short	4
қоп	unclassified_short	4
ығы	unclassified_short	4
мығ	unclassified_short	4
тат	unclassified_short	4
ре	unclassified_short	4
әт	unclassified_short	4
тыж	unclassified_short	4
хәл	unclassified_short	4
юля	unclassified_short	4
дә	unclassified_short	4
ент	unclassified_short	4
вл	unclassified_short	4
ашб	unclassified_short	4
әди	unclassified_short	4
боқ	unclassified_short	4
ыс	unclassified_short	4
әлө	unclassified_short	4
іір	unclassified_short	4
мһм	unclassified_short	4
аок	unclassified_short	4
піс	unclassified_short	4
тут	unclassified_short	4
киш	unclassified_short	4
пя	unclassified_short	4
буш	unclassified_short	4
сөк	unclassified_short	4
дию	unclassified_short	4
есж	unclassified_short	4
уды	unclassified_short	4
фб	unclassified_short	4
ло	unclassified_short	4
ача	unclassified_short	4
шаһ	unclassified_short	4
тииимсх	non_lexical_filler	4
дэл	unclassified_short	4
гуф	unclassified_short	4
күю	unclassified_short	4
жж	unclassified_short	4
пэк	unclassified_short	3
чжо	unclassified_short	3
уэй	unclassified_short	3
бэй	unclassified_short	3
зәм	unclassified_short	3
цк	unclassified_short	3
кү	unclassified_short	3
дук	unclassified_short	3
мер	unclassified_short	3
пал	unclassified_short	3
емi	unclassified_short	3
кур	unclassified_short	3
аут	unclassified_short	3
гау	unclassified_short	3
тея	unclassified_short	3
лав	unclassified_short	3
псж	unclassified_short	3
сто	unclassified_short	3
жие	unclassified_short	3
қм	unclassified_short	3
рол	unclassified_short	3
трт	unclassified_short	3
хао	unclassified_short	3
лох	unclassified_short	3
пэт	unclassified_short	3
ақпаратттық	non_lexical_filler	3
этд	unclassified_short	3
жию	unclassified_short	3
жән	unclassified_short	3
ұок	unclassified_short	3
ола	unclassified_short	3
даг	unclassified_short	3
док	unclassified_short	3
ри	unclassified_short	3
рен	unclassified_short	3
фил	unclassified_short	3
огн	unclassified_short	3
хкк	unclassified_short	3
шаю	unclassified_short	3
шор	unclassified_short	3
алт	unclassified_short	3
спк	unclassified_short	3
жү	unclassified_short	3
нес	unclassified_short	3
кмк	unclassified_short	3
ив	unclassified_short	3
кун	unclassified_short	3
эйд	unclassified_short	3
гуд	unclassified_short	3
оне	unclassified_short	3
пре	unclassified_short	3
мің	unclassified_short	3
инь	unclassified_short	3
иың	unclassified_short	3
долллардан	non_lexical_filler	3
хто	unclassified_short	3
ика	unclassified_short	3
ша	unclassified_short	3
онт	unclassified_short	3
иең	unclassified_short	3
кф	unclassified_short	3
диц	unclassified_short	3
бам	unclassified_short	3
рммм	non_lexical_filler	3
қфф	unclassified_short	3
ик	unclassified_short	3
піб	unclassified_short	3
жшқ	unclassified_short	3
эйс	unclassified_short	3
даф	unclassified_short	3
асп	unclassified_short	3
асб	unclassified_short	3
рмм	unclassified_short	3
фор	unclassified_short	3
тіз	unclassified_short	3
хдп	unclassified_short	3
іқм	unclassified_short	3
тун	unclassified_short	3
кпо	unclassified_short	3
жэк	unclassified_short	3
дж	unclassified_short	3
мем	unclassified_short	3
эни	unclassified_short	3
тшо	unclassified_short	3
оңы	unclassified_short	3
жск	unclassified_short	3
эди	unclassified_short	3
иыұ	unclassified_short	3
рн	unclassified_short	3
аив	unclassified_short	3
шқ	unclassified_short	3
осо	unclassified_short	3
жық	unclassified_short	3
қож	unclassified_short	3
моя	unclassified_short	3
ци	unclassified_short	3
лей	unclassified_short	3
рот	unclassified_short	3
уәй	unclassified_short	3
жу	unclassified_short	3
ыра	unclassified_short	3
ұй	unclassified_short	3
эр	unclassified_short	3
лау	unclassified_short	3
оо	non_lexical_filler	3
ры	unclassified_short	3
үре	unclassified_short	3
гүж	unclassified_short	3
пра	unclassified_short	3
фм	unclassified_short	3
эн	unclassified_short	3
ам	unclassified_short	3
лаж	unclassified_short	3
мик	unclassified_short	3
иію	unclassified_short	3
абы	unclassified_short	3
суй	unclassified_short	3
сун	unclassified_short	3
ил	unclassified_short	3
едб	unclassified_short	3
аааа	non_lexical_filler	3
юри	unclassified_short	3
оқа	unclassified_short	3
тр	unclassified_short	3
фзо	unclassified_short	3
әэ	unclassified_short	3
зои	unclassified_short	3
очь	unclassified_short	3
үу	unclassified_short	3
хіх	unclassified_short	3
афи	unclassified_short	3
қын	unclassified_short	3
мом	unclassified_short	3
соғ	unclassified_short	3
дех	unclassified_short	3
аф	unclassified_short	3
һам	unclassified_short	3
вид	unclassified_short	3
зоб	unclassified_short	3
ұэм	unclassified_short	3
көс	unclassified_short	3
сөл	unclassified_short	3
ыңқ	unclassified_short	3
фок	unclassified_short	3
раз	unclassified_short	3
шит	unclassified_short	3
ез	unclassified_short	3
геб	unclassified_short	3
нут	unclassified_short	3
ееее	non_lexical_filler	3
мах	unclassified_short	3
йел	unclassified_short	3
әш	unclassified_short	3
іл	unclassified_short	3
сып	unclassified_short	3
доллларға	non_lexical_filler	3
фиц	unclassified_short	3
урс	unclassified_short	3
эпи	unclassified_short	3
атф	unclassified_short	3
бр	unclassified_short	3
шоп	unclassified_short	3
уку	unclassified_short	3
тү	unclassified_short	3
шы	unclassified_short	3
үфі	unclassified_short	3
мкм	unclassified_short	3
үсу	unclassified_short	3
чән	unclassified_short	3
һой	unclassified_short	3
ұза	unclassified_short	3
лік	unclassified_short	3
чор	unclassified_short	3
өп	unclassified_short	3
кв	unclassified_short	3
дүз	unclassified_short	3
аңы	unclassified_short	3
ый	unclassified_short	3
лэм	unclassified_short	3
кин	unclassified_short	3
иәә	unclassified_short	3
елп	unclassified_short	3
ома	unclassified_short	3
фе	unclassified_short	3
уд	unclassified_short	3
езе	unclassified_short	3
мег	unclassified_short	3
тыг	unclassified_short	3
хай	unclassified_short	3
ақб	unclassified_short	3
ашс	unclassified_short	3
сск	unclassified_short	3
тео	unclassified_short	3
дм	unclassified_short	3
дэй	unclassified_short	3
иқ	unclassified_short	3
раш	unclassified_short	3
псв	unclassified_short	3
кат	unclassified_short	3
иль	unclassified_short	3
туй	unclassified_short	3
хем	unclassified_short	3
парасатттылық	non_lexical_filler	3
фет	unclassified_short	3
уіл	unclassified_short	3
мұқ	unclassified_short	3
ұрж	unclassified_short	3
дыр	unclassified_short	3
тыз	unclassified_short	3
осі	unclassified_short	3
бұж	unclassified_short	3
иня	unclassified_short	3
тиф	unclassified_short	3
иі	unclassified_short	3
күж	unclassified_short	3
хм	unclassified_short	3
воп	unclassified_short	3
ауб	unclassified_short	3
апн	unclassified_short	3
мый	unclassified_short	3
қая	unclassified_short	3
дас	unclassified_short	3
кгб	unclassified_short	3
үйе	unclassified_short	3
гру	unclassified_short	3
біт	unclassified_short	3
ұяо	unclassified_short	3
фэф	unclassified_short	3
біp	unclassified_short	3
жоф	unclassified_short	3
ят	unclassified_short	3
өше	unclassified_short	3
инд	unclassified_short	3
мли	unclassified_short	3
ис	unclassified_short	3
шиа	unclassified_short	3
вор	unclassified_short	3
ххі	unclassified_short	3
қтқ	unclassified_short	3
син	unclassified_short	3
бик	unclassified_short	3
жзқ	unclassified_short	3
іһі	unclassified_short	3
йіу	unclassified_short	2
қойеееп	non_lexical_filler	2
өө	unclassified_short	2
өсі	unclassified_short	2
рққ	unclassified_short	2
дез	unclassified_short	2
ғк	unclassified_short	2
хуа	unclassified_short	2
ыы	non_lexical_filler	2
жил	unclassified_short	2
еээ	unclassified_short	2
эту	unclassified_short	2
рк	unclassified_short	2
типа	discourse_filler	2
іх	unclassified_short	2
вам	unclassified_short	2
ісе	unclassified_short	2
иво	unclassified_short	2
тег	unclassified_short	2
ууу	non_lexical_filler	2
ряд	unclassified_short	2
ней	unclassified_short	2
еу	unclassified_short	2
сэқ	unclassified_short	2
ққс	unclassified_short	2
ыю	unclassified_short	2
йо	unclassified_short	2
мөз	unclassified_short	2
әбі	unclassified_short	2
тұ	unclassified_short	2
ков	unclassified_short	2
ра	unclassified_short	2
орт	unclassified_short	2
чи	unclassified_short	2
онс	unclassified_short	2
ксс	unclassified_short	2
қкж	unclassified_short	2
яо	unclassified_short	2
юха	unclassified_short	2
яш	unclassified_short	2
иж	unclassified_short	2
амн	unclassified_short	2
дғо	unclassified_short	2
ои	unclassified_short	2
иер	unclassified_short	2
үж	unclassified_short	2
рм	unclassified_short	2
бөр	unclassified_short	2
оққ	unclassified_short	2
жсо	unclassified_short	2
ро	unclassified_short	2
акб	unclassified_short	2
ұла	unclassified_short	2
кап	unclassified_short	2
қдб	unclassified_short	2
қхл	unclassified_short	2
ұих	unclassified_short	2
ұат	unclassified_short	2
ац	unclassified_short	2
біі	unclassified_short	2
иід	unclassified_short	2
ске	unclassified_short	2
нө	unclassified_short	2
ұаб	unclassified_short	2
доқ	unclassified_short	2
едш	unclassified_short	2
рог	unclassified_short	2
шаг	unclassified_short	2
ви	unclassified_short	2
бұт	unclassified_short	2
паа	unclassified_short	2
эк	unclassified_short	2
біп	unclassified_short	2
оро	unclassified_short	2
ідд	unclassified_short	2
жфб	unclassified_short	2
лиз	unclassified_short	2
жао	unclassified_short	2
уез	unclassified_short	2
аюы	unclassified_short	2
шом	unclassified_short	2
зуб	unclassified_short	2
ған	unclassified_short	2
кпд	unclassified_short	2
ним	unclassified_short	2
ккк	non_lexical_filler	2
уль	unclassified_short	2
ишу	unclassified_short	2
бмв	unclassified_short	2
миб	unclassified_short	2
жқе	unclassified_short	2
іііс	non_lexical_filler	2
ұқм	unclassified_short	2
жин	unclassified_short	2
тұк	unclassified_short	2
фр	unclassified_short	2
рпо	unclassified_short	2
изи	unclassified_short	2
ккм	unclassified_short	2
пос	unclassified_short	2
вип	unclassified_short	2
бмл	unclassified_short	2
ұюы	unclassified_short	2
дүп	unclassified_short	2
сөн	unclassified_short	2
гю	unclassified_short	2
дол	unclassified_short	2
рид	unclassified_short	2
лим	unclassified_short	2
дө	unclassified_short	2
екә	unclassified_short	2
ифа	unclassified_short	2
қмж	unclassified_short	2
кәп	unclassified_short	2
пвх	unclassified_short	2
хол	unclassified_short	2
рв	unclassified_short	2
хен	unclassified_short	2
жы	unclassified_short	2
роп	unclassified_short	2
көй	unclassified_short	2
уба	unclassified_short	2
ііб	unclassified_short	2
бук	unclassified_short	2
уан	unclassified_short	2
акқ	unclassified_short	2
шш	unclassified_short	2
жө	unclassified_short	2
транзитттік	non_lexical_filler	2
суф	unclassified_short	2
өті	unclassified_short	2
гук	unclassified_short	2
бэг	unclassified_short	2
ое	unclassified_short	2
бү	unclassified_short	2
ос	unclassified_short	2
ася	unclassified_short	2
ина	unclassified_short	2
суб	unclassified_short	2
ерт	unclassified_short	2
бот	unclassified_short	2
мү	unclassified_short	2
уқа	unclassified_short	2
чад	unclassified_short	2
шон	unclassified_short	2
шо	unclassified_short	2
пли	unclassified_short	2
бкм	unclassified_short	2
хғс	unclassified_short	2
бум	unclassified_short	2
тир	unclassified_short	2
дрю	unclassified_short	2
тоо	unclassified_short	2
күі	unclassified_short	2
пиа	unclassified_short	2
оғ	unclassified_short	2
мия	unclassified_short	2
қтл	unclassified_short	2
сат	unclassified_short	2
киловатттың	non_lexical_filler	2
инт	unclassified_short	2
гои	unclassified_short	2
шцц	unclassified_short	2
бұз	unclassified_short	2
иф	unclassified_short	2
лаг	unclassified_short	2
ақа	unclassified_short	2
ұу	unclassified_short	2
іу	unclassified_short	2
ызы	unclassified_short	2
бәу	unclassified_short	2
ддұ	unclassified_short	2
ркп	unclassified_short	2
әф	unclassified_short	2
нұһ	unclassified_short	2
око	unclassified_short	2
кб	unclassified_short	2
ажб	unclassified_short	2
төп	unclassified_short	2
ауу	unclassified_short	2
бпк	unclassified_short	2
лка	unclassified_short	2
яд	unclassified_short	2
әәк	unclassified_short	2
еме	unclassified_short	2
сиы	unclassified_short	2
өу	unclassified_short	2
дух	unclassified_short	2
озу	unclassified_short	2
пув	unclassified_short	2
ев	unclassified_short	2
сеи	unclassified_short	2
әжү	unclassified_short	2
оюы	unclassified_short	2
ора	unclassified_short	2
кир	unclassified_short	2
аун	unclassified_short	2
чжи	unclassified_short	2
пыш	unclassified_short	2
хад	unclassified_short	2
дэс	unclassified_short	2
пат	unclassified_short	2
вий	unclassified_short	2
гем	unclassified_short	2
зас	unclassified_short	2
жың	unclassified_short	2
трилллион	non_lexical_filler	2
фа	unclassified_short	2
хэй	unclassified_short	2
пвп	unclassified_short	2
сүз	unclassified_short	2
фд	unclassified_short	2
даш	unclassified_short	2
оз	unclassified_short	2
уххх	non_lexical_filler	2
эси	unclassified_short	2
аси	unclassified_short	2
аши	unclassified_short	2
шц	unclassified_short	2
таралымммен	non_lexical_filler	2
руй	unclassified_short	2
ітғ	unclassified_short	2
мтк	unclassified_short	2
әтб	unclassified_short	2
вр	unclassified_short	2
беф	unclassified_short	2
тхи	unclassified_short	2
сө	unclassified_short	2
уде	unclassified_short	2
жзл	unclassified_short	2
инк	unclassified_short	2
ист	unclassified_short	2
зак	unclassified_short	2
эса	unclassified_short	2
афп	unclassified_short	2
адн	unclassified_short	2
бая	unclassified_short	2
жже	unclassified_short	2
лем	unclassified_short	2
сео	unclassified_short	2
пін	unclassified_short	2
ғая	unclassified_short	2
бао	unclassified_short	2
эхх	unclassified_short	2
уе	unclassified_short	2
мақ	unclassified_short	2
кэ	unclassified_short	2
лец	unclassified_short	2
сер	unclassified_short	2
кіш	unclassified_short	2
пфк	unclassified_short	2
вай	unclassified_short	2
сүп	unclassified_short	2
гтқ	unclassified_short	2
лъ	unclassified_short	2
ний	unclassified_short	2
вуд	unclassified_short	2
ль	unclassified_short	2
воя	unclassified_short	2
нен	unclassified_short	2
вгқ	unclassified_short	2
дұл	unclassified_short	2
род	unclassified_short	2
қму	unclassified_short	2
һақ	unclassified_short	2
дқб	unclassified_short	2
бон	unclassified_short	2
депутттар	non_lexical_filler	2
пәй	unclassified_short	2
мі	unclassified_short	2
ауф	unclassified_short	2
мет	unclassified_short	2
қф	unclassified_short	2
мое	unclassified_short	2
жок	unclassified_short	2
экю	unclassified_short	2
шәу	unclassified_short	2
фра	unclassified_short	2
кәр	unclassified_short	2
бұр	unclassified_short	2
туо	unclassified_short	2
беп	unclassified_short	2
ііінің	non_lexical_filler	2
әи	unclassified_short	2
оям	unclassified_short	2
мао	unclassified_short	2
од	unclassified_short	2
ель	unclassified_short	2
ака	unclassified_short	2
ить	unclassified_short	2
ыры	unclassified_short	2
туф	unclassified_short	2
гүу	unclassified_short	2
гәу	unclassified_short	2
сұң	unclassified_short	2
тол	unclassified_short	2
цзо	unclassified_short	2
шүк	unclassified_short	2
сэм	unclassified_short	2
пең	unclassified_short	2
раю	unclassified_short	2
аду	unclassified_short	2
зақ	unclassified_short	2
ув	unclassified_short	2
этж	unclassified_short	2
тфу	expressive_interjection	2
моп	unclassified_short	2
ықы	unclassified_short	2
бри	unclassified_short	2
тби	unclassified_short	2
нұн	unclassified_short	2
бөз	unclassified_short	2
үзу	unclassified_short	2
ырс	unclassified_short	2
онг	unclassified_short	2
иң	unclassified_short	2
реж	unclassified_short	2
амс	unclassified_short	2
102	unclassified_short	2
хес	unclassified_short	2
пяв	unclassified_short	2
кс	unclassified_short	2
айн	unclassified_short	2
үзі	unclassified_short	2
гм	unclassified_short	2
дже	unclassified_short	2
пес	unclassified_short	2
аәд	unclassified_short	2
лан	unclassified_short	2
боа	unclassified_short	2
шұң	unclassified_short	2
эрс	unclassified_short	2
іри	unclassified_short	2
мқк	unclassified_short	2
сү	unclassified_short	2
окг	unclassified_short	2
һәр	unclassified_short	2
иоқ	unclassified_short	2
төм	unclassified_short	2
км	unclassified_short	2
ике	unclassified_short	2
бэн	unclassified_short	2
дүл	unclassified_short	2
коа	unclassified_short	2
қыж	unclassified_short	2
хей	unclassified_short	2
тоу	unclassified_short	2
мау	unclassified_short	2
шәр	unclassified_short	2
кдм	unclassified_short	2
еуі	unclassified_short	2
мүр	unclassified_short	2
мң	unclassified_short	2
сің	unclassified_short	2
дэ	unclassified_short	2
мск	unclassified_short	2
гао	unclassified_short	2
ным	unclassified_short	2
рва	unclassified_short	2
вад	unclassified_short	2
t	unclassified_short	2
пах	unclassified_short	2
аар	unclassified_short	2
мемлекетттік	non_lexical_filler	2
тө	unclassified_short	2
бә	unclassified_short	2
яга	unclassified_short	2
пэн	unclassified_short	2
кох	unclassified_short	2
лес	unclassified_short	2
дұң	unclassified_short	2
мек	unclassified_short	2
фью	unclassified_short	2
хвқ	unclassified_short	2
ішт	unclassified_short	2
ақи	unclassified_short	2
уи	unclassified_short	2
ох	unclassified_short	2
ибе	unclassified_short	2
куу	unclassified_short	2
ляо	unclassified_short	2
қоф	unclassified_short	2
адк	unclassified_short	2
реа	unclassified_short	2
ттл	unclassified_short	2
ору	unclassified_short	2
гей	unclassified_short	2
лух	unclassified_short	2
внб	unclassified_short	2
мыж	unclassified_short	2
рмс	unclassified_short	2
кау	unclassified_short	2
мдж	unclassified_short	2
тфә	unclassified_short	2
фей	unclassified_short	2
ғұл	unclassified_short	1
әкі	unclassified_short	1
эсе	unclassified_short	1
еве	unclassified_short	1
гоя	unclassified_short	1
нтв	unclassified_short	1
бур	unclassified_short	1
мп	unclassified_short	1
вет	unclassified_short	1
хун	unclassified_short	1
нго	unclassified_short	1
дня	unclassified_short	1
чей	unclassified_short	1
мцх	unclassified_short	1
вся	unclassified_short	1
сша	unclassified_short	1
вко	unclassified_short	1
обб	unclassified_short	1
сааағынай	non_lexical_filler	1
гил	unclassified_short	1
нее	unclassified_short	1
мсм	unclassified_short	1
яме	unclassified_short	1
чуй	unclassified_short	1
аэқ	unclassified_short	1
эд	unclassified_short	1
әттееең	non_lexical_filler	1
ошы	unclassified_short	1
пцж	unclassified_short	1
щит	unclassified_short	1
зон	unclassified_short	1
оно	unclassified_short	1
вто	unclassified_short	1
эсф	unclassified_short	1
эті	unclassified_short	1
што	unclassified_short	1
всю	unclassified_short	1
ета	unclassified_short	1
сфо	unclassified_short	1
мрп	unclassified_short	1
кью	unclassified_short	1
шс	unclassified_short	1
дир	unclassified_short	1
вхс	unclassified_short	1
вин	unclassified_short	1
тмз	unclassified_short	1
көт	unclassified_short	1
бск	unclassified_short	1
стк	unclassified_short	1
бсн	unclassified_short	1
цао	unclassified_short	1
зө	unclassified_short	1
ннв	unclassified_short	1
опи	unclassified_short	1
мис	unclassified_short	1
роэ	unclassified_short	1
фри	unclassified_short	1
жес	unclassified_short	1
фой	unclassified_short	1
мхл	unclassified_short	1
ивл	unclassified_short	1
хет	unclassified_short	1
эдж	unclassified_short	1
жис	unclassified_short	1
дни	unclassified_short	1
жұр	unclassified_short	1
жпу	unclassified_short	1
жалғасатыннн	non_lexical_filler	1
өск	unclassified_short	1
изк	unclassified_short	1
бок	unclassified_short	1
аир	unclassified_short	1
мил	unclassified_short	1
иу	unclassified_short	1
ұақ	unclassified_short	1
еэа	unclassified_short	1
мпз	unclassified_short	1
ұтб	unclassified_short	1
сыи	unclassified_short	1
ііістерің	non_lexical_filler	1
скф	unclassified_short	1
бои	unclassified_short	1
эхо	unclassified_short	1
бүт	unclassified_short	1
кро	unclassified_short	1
жоб	unclassified_short	1
лэд	unclassified_short	1
дәй	unclassified_short	1
руз	unclassified_short	1
эле	unclassified_short	1
эка	unclassified_short	1
жтб	unclassified_short	1
ема	unclassified_short	1
сва	unclassified_short	1
ің	unclassified_short	1
фуа	unclassified_short	1
үс	unclassified_short	1
эф	unclassified_short	1
вир	unclassified_short	1
жэц	unclassified_short	1
зов	unclassified_short	1
24	unclassified_short	1
қмк	unclassified_short	1
күб	unclassified_short	1
бд	unclassified_short	1
схп	unclassified_short	1
кре	unclassified_short	1
мыш	unclassified_short	1
дек	unclassified_short	1
цу	unclassified_short	1
чю	unclassified_short	1
лә	unclassified_short	1
жоу	unclassified_short	1
ұба	unclassified_short	1
трк	unclassified_short	1
шио	unclassified_short	1
авс	unclassified_short	1
оңт	unclassified_short	1
ээ	non_lexical_filler	1
737	unclassified_short	1
max	unclassified_short	1
ртб	unclassified_short	1
ср	unclassified_short	1
таа	unclassified_short	1
пр	unclassified_short	1
еқұ	unclassified_short	1
жөң	unclassified_short	1
қуи	unclassified_short	1
жю	unclassified_short	1
үк	unclassified_short	1
гео	unclassified_short	1
еүш	unclassified_short	1
тдм	unclassified_short	1
хәм	unclassified_short	1
жаб	unclassified_short	1
че	unclassified_short	1
сж	unclassified_short	1
мзж	unclassified_short	1
ваш	unclassified_short	1
мио	unclassified_short	1
бөп	unclassified_short	1
өқу	unclassified_short	1
үме	unclassified_short	1
фмс	unclassified_short	1
эсс	unclassified_short	1
лс	unclassified_short	1
таж	unclassified_short	1
ган	unclassified_short	1
еер	unclassified_short	1
ера	unclassified_short	1
жен	unclassified_short	1
ааз	unclassified_short	1
лфк	unclassified_short	1
үкіметттің	non_lexical_filler	1
қффф	non_lexical_filler	1
зо	unclassified_short	1
шәи	unclassified_short	1
құи	unclassified_short	1
шқт	unclassified_short	1
тп	unclassified_short	1
ира	unclassified_short	1
икұ	unclassified_short	1
нду	unclassified_short	1
инн	unclassified_short	1
ұұк	unclassified_short	1
уго	unclassified_short	1
йон	unclassified_short	1
меш	unclassified_short	1
рур	unclassified_short	1
еку	unclassified_short	1
бцп	unclassified_short	1
мүг	unclassified_short	1
игу	unclassified_short	1
ііінді	non_lexical_filler	1
цон	unclassified_short	1
өсб	unclassified_short	1
шұұ	unclassified_short	1
шға	unclassified_short	1
іб	unclassified_short	1
оде	unclassified_short	1
арм	unclassified_short	1
фф	unclassified_short	1
кег	unclassified_short	1
ніт	unclassified_short	1
ұәқ	unclassified_short	1
еск	unclassified_short	1
ндс	unclassified_short	1
сож	unclassified_short	1
олн	unclassified_short	1
ұұ	unclassified_short	1
жз	unclassified_short	1
виа	unclassified_short	1
сак	unclassified_short	1
індетттің	non_lexical_filler	1
ащм	unclassified_short	1
аля	unclassified_short	1
жму	unclassified_short	1
жуы	unclassified_short	1
жқж	unclassified_short	1
итттерді	non_lexical_filler	1
тк	unclassified_short	1
яна	unclassified_short	1
нюс	unclassified_short	1
сөй	unclassified_short	1
гид	unclassified_short	1
гет	unclassified_short	1
окз	unclassified_short	1
аққ	unclassified_short	1
жұн	unclassified_short	1
мэң	unclassified_short	1
чже	unclassified_short	1
сук	unclassified_short	1
окк	unclassified_short	1
яик	unclassified_short	1
ыш	unclassified_short	1
тжа	unclassified_short	1
kz	unclassified_short	1
оке	unclassified_short	1
вью	unclassified_short	1
эли	unclassified_short	1
нил	unclassified_short	1
пск	unclassified_short	1
рс	unclassified_short	1
нұт	unclassified_short	1
тнт	unclassified_short	1
бб	unclassified_short	1
хак	unclassified_short	1
соо	unclassified_short	1
зоо	unclassified_short	1
хұб	unclassified_short	1
абатттандыру	non_lexical_filler	1
жүл	unclassified_short	1
мк	unclassified_short	1
леб	unclassified_short	1
юта	unclassified_short	1
жмт	unclassified_short	1
күк	unclassified_short	1
инв	unclassified_short	1
кәм	unclassified_short	1
бнп	unclassified_short	1
лед	unclassified_short	1
шұқ	unclassified_short	1
миэ	unclassified_short	1
исэ	unclassified_short	1
нхл	unclassified_short	1
бег	unclassified_short	1
өж	unclassified_short	1
кеи	unclassified_short	1
нео	unclassified_short	1
гал	unclassified_short	1
чай	unclassified_short	1
стб	unclassified_short	1
ини	unclassified_short	1
төт	unclassified_short	1
тах	unclassified_short	1
энс	unclassified_short	1
вик	unclassified_short	1
хпк	unclassified_short	1
ұю	unclassified_short	1
бұқ	unclassified_short	1
үео	unclassified_short	1
саң	unclassified_short	1
гэн	unclassified_short	1
кот	unclassified_short	1
уза	unclassified_short	1
кбо	unclassified_short	1
өкм	unclassified_short	1
оақ	unclassified_short	1
хэт	unclassified_short	1
үұк	unclassified_short	1
эвм	unclassified_short	1
дт	unclassified_short	1
еқы	unclassified_short	1
бия	unclassified_short	1
ғөп	unclassified_short	1
айс	unclassified_short	1
олі	unclassified_short	1
аөе	unclassified_short	1
жұ	unclassified_short	1
жор	unclassified_short	1
цан	unclassified_short	1
хэқ	unclassified_short	1
амф	unclassified_short	1
авр	unclassified_short	1
хэх	unclassified_short	1
меи	unclassified_short	1
рэс	unclassified_short	1
кол	unclassified_short	1
арк	unclassified_short	1
жжс	unclassified_short	1
эсп	unclassified_short	1
лик	unclassified_short	1
пұа	unclassified_short	1
үшд	unclassified_short	1
руи	unclassified_short	1
эхк	unclassified_short	1
сеу	unclassified_short	1
шін	unclassified_short	1
эсн	unclassified_short	1
тра	unclassified_short	1
нұ	unclassified_short	1
чфр	unclassified_short	1
жук	unclassified_short	1
қғк	unclassified_short	1
ммк	unclassified_short	1
юп	unclassified_short	1
хим	unclassified_short	1
баң	unclassified_short	1
ктп	unclassified_short	1
жой	unclassified_short	1
рә	unclassified_short	1
ейр	unclassified_short	1
фит	unclassified_short	1
авк	unclassified_short	1
хкф	unclassified_short	1
азэ	unclassified_short	1
әқк	unclassified_short	1
вит	unclassified_short	1
резидентттері	non_lexical_filler	1
деи	unclassified_short	1
омб	unclassified_short	1
мүж	unclassified_short	1
пээ	unclassified_short	1
тнк	unclassified_short	1
орг	unclassified_short	1
тқс	unclassified_short	1
қпо	unclassified_short	1
кко	unclassified_short	1
сри	unclassified_short	1
оча	unclassified_short	1
жег	unclassified_short	1
шов	unclassified_short	1
мнц	unclassified_short	1
кош	unclassified_short	1
ұс	unclassified_short	1
сид	unclassified_short	1
жқ	unclassified_short	1
ооой	non_lexical_filler	1
мәәәәәһ	non_lexical_filler	1
хек	unclassified_short	1
нин	unclassified_short	1
ұһ	unclassified_short	1
двк	unclassified_short	1
жасссс	non_lexical_filler	1
сүн	unclassified_short	1
шабыттты	non_lexical_filler	1
маю	unclassified_short	1
хин	unclassified_short	1
аби	unclassified_short	1
ама	unclassified_short	1
ұзыыыыын	non_lexical_filler	1
гзи	unclassified_short	1
сов	unclassified_short	1
тэн	unclassified_short	1
этн	unclassified_short	1
кэт	unclassified_short	1
мид	unclassified_short	1
уим	unclassified_short	1
ыу	unclassified_short	1
шәк	unclassified_short	1
руд	unclassified_short	1
фео	unclassified_short	1
кят	unclassified_short	1
ук	unclassified_short	1
рия	unclassified_short	1
оят	unclassified_short	1
джр	unclassified_short	1
тей	unclassified_short	1
үд	unclassified_short	1
нок	unclassified_short	1
аюп	unclassified_short	1
ісу	unclassified_short	1
хқа	unclassified_short	1
иба	unclassified_short	1
дәю	unclassified_short	1
ғаж	unclassified_short	1
чун	unclassified_short	1
шқз	unclassified_short	1
рәт	unclassified_short	1
езі	unclassified_short	1
вод	unclassified_short	1
ниг	unclassified_short	1
ажы	unclassified_short	1
ркжоііі	non_lexical_filler	1
гио	unclassified_short	1
чио	unclassified_short	1
дөу	unclassified_short	1
өлә	unclassified_short	1
оһо	unclassified_short	1
вон	unclassified_short	1
фер	unclassified_short	1
өже	unclassified_short	1
уық	unclassified_short	1
үи	unclassified_short	1
ной	unclassified_short	1
мма	unclassified_short	1
шуб	unclassified_short	1
миияяяу	non_lexical_filler	1
ғар	unclassified_short	1
охо	unclassified_short	1
ұч	unclassified_short	1
һа	unclassified_short	1
рит	unclassified_short	1
икп	unclassified_short	1
мұт	unclassified_short	1
вт	unclassified_short	1
пі	unclassified_short	1
шэт	unclassified_short	1
лье	unclassified_short	1
елк	unclassified_short	1
дуы	unclassified_short	1
фес	unclassified_short	1
шү	unclassified_short	1
процессстің	non_lexical_filler	1
ажт	unclassified_short	1
атт	unclassified_short	1
хіі	unclassified_short	1
ұйт	unclassified_short	1
лоп	unclassified_short	1
дим	unclassified_short	1
апааай	non_lexical_filler	1
уор	unclassified_short	1
ярд	unclassified_short	1
рее	unclassified_short	1
эйч	unclassified_short	1
қазатомөнеррркәсіп	non_lexical_filler	1
уыт	unclassified_short	1
сд	unclassified_short	1
әпу	unclassified_short	1
еръ	unclassified_short	1
ерн	unclassified_short	1
уле	unclassified_short	1
уве	unclassified_short	1
жыыылармен	non_lexical_filler	1
ысы	unclassified_short	1
обе	unclassified_short	1
ь	unclassified_short	1
пыж	unclassified_short	1
пот	unclassified_short	1
авт	unclassified_short	1
дқ	unclassified_short	1
һу	unclassified_short	1
һай	unclassified_short	1
шә	unclassified_short	1
шәш	unclassified_short	1
ноэ	unclassified_short	1
янс	unclassified_short	1
әшқ	unclassified_short	1
юнг	unclassified_short	1
оңа	unclassified_short	1
хаһ	unclassified_short	1
ррр	non_lexical_filler	1
фэр	unclassified_short	1
айл	unclassified_short	1
соп	unclassified_short	1
хатттың	non_lexical_filler	1
аааааай	non_lexical_filler	1
яго	unclassified_short	1
жұл	unclassified_short	1
ерг	unclassified_short	1
кғс	unclassified_short	1
штқ	unclassified_short	1
кша	unclassified_short	1
ори	unclassified_short	1
ікі	unclassified_short	1
уке	unclassified_short	1
лил	unclassified_short	1
дұрыыыс	non_lexical_filler	1
оууу	non_lexical_filler	1
еф	unclassified_short	1
салынеееп	non_lexical_filler	1
кәк	unclassified_short	1
сие	unclassified_short	1
күр	unclassified_short	1
кии	unclassified_short	1
өзн	unclassified_short	1
сий	unclassified_short	1
лдг	unclassified_short	1
рис	unclassified_short	1
дза	unclassified_short	1
улу	unclassified_short	1
юл	unclassified_short	1
опп	unclassified_short	1
зуш	unclassified_short	1
жид	unclassified_short	1
слл	unclassified_short	1
коу	unclassified_short	1
риң	unclassified_short	1
әни	unclassified_short	1
ища	unclassified_short	1
шол	unclassified_short	1
шуа	unclassified_short	1
йан	unclassified_short	1
оус	unclassified_short	1
тір	unclassified_short	1
мыз	unclassified_short	1
енс	unclassified_short	1
лая	unclassified_short	1
суу	unclassified_short	1
зы	unclassified_short	1
ооооооуууууууу	non_lexical_filler	1
ауд	unclassified_short	1
мұ	unclassified_short	1
внп	unclassified_short	1
лер	unclassified_short	1
щи	unclassified_short	1
түүүһ	non_lexical_filler	1
дсб	unclassified_short	1
100	unclassified_short	1
офк	unclassified_short	1
һе	unclassified_short	1
гер	unclassified_short	1
бжб	unclassified_short	1
тааак	non_lexical_filler	1
үбі	unclassified_short	1
брр	unclassified_short	1
руһ	unclassified_short	1
тво	unclassified_short	1
чк	unclassified_short	1
вдв	unclassified_short	1
кавааати	non_lexical_filler	1
дық	unclassified_short	1
хқққжк	non_lexical_filler	1
гюн	unclassified_short	1
выя	unclassified_short	1
ега	unclassified_short	1
олх	unclassified_short	1
рук	unclassified_short	1
лег	unclassified_short	1
пхе	unclassified_short	1
мһәһһәәә	non_lexical_filler	1
ұял	unclassified_short	1
сааанжарәли	non_lexical_filler	1
иііі	non_lexical_filler	1
нау	unclassified_short	1
люо	unclassified_short	1
қкк	unclassified_short	1
шыж	unclassified_short	1
вож	unclassified_short	1
лн	unclassified_short	1
зах	unclassified_short	1
ғын	unclassified_short	1
мх	unclassified_short	1
көа	unclassified_short	1
рғо	unclassified_short	1
хок	unclassified_short	1
ход	unclassified_short	1
шой	unclassified_short	1
моб	unclassified_short	1
дю	unclassified_short	1
гар	unclassified_short	1
эро	unclassified_short	1
ыға	unclassified_short	1
ғыз	unclassified_short	1
му	unclassified_short	1
туһ	unclassified_short	1
бтп	unclassified_short	1
процесссті	non_lexical_filler	1
сауатттылығын	non_lexical_filler	1
роб	unclassified_short	1
мвт	unclassified_short	1
фү	unclassified_short	1
атоннның	non_lexical_filler	1
бін	unclassified_short	1
дяо	unclassified_short	1
дун	unclassified_short	1
люй	unclassified_short	1
апт	unclassified_short	1
рел	unclassified_short	1
гат	unclassified_short	1
дэв	unclassified_short	1
04	unclassified_short	1
хв	unclassified_short	1
аяй	unclassified_short	1
жыы	unclassified_short	1
эпр	unclassified_short	1
сэт	unclassified_short	1
тсс	unclassified_short	1
ууз	unclassified_short	1
ааааа	non_lexical_filler	1
өк	unclassified_short	1
таб	unclassified_short	1
чоң	unclassified_short	1
уға	unclassified_short	1
гумааа	non_lexical_filler	1
құб	unclassified_short	1
мур	unclassified_short	1
гір	unclassified_short	1
афр	unclassified_short	1
уит	unclassified_short	1
даб	unclassified_short	1
муж	unclassified_short	1
юша	unclassified_short	1
әййй	non_lexical_filler	1
акм	unclassified_short	1
нг	unclassified_short	1
жиы	unclassified_short	1
аба	unclassified_short	1
онж	unclassified_short	1
лям	unclassified_short	1
оры	unclassified_short	1
шыл	unclassified_short	1
толасссыз	non_lexical_filler	1
зың	unclassified_short	1
ури	unclassified_short	1
ізм	unclassified_short	1
кейдеее	non_lexical_filler	1
юг	unclassified_short	1
мұн	unclassified_short	1
бун	unclassified_short	1
цум	unclassified_short	1
ехе	unclassified_short	1
худ	unclassified_short	1
шют	unclassified_short	1
жөп	unclassified_short	1
абб	unclassified_short	1
апаааай	non_lexical_filler	1
вах	unclassified_short	1
жуи	unclassified_short	1
паһ	unclassified_short	1
уфы	unclassified_short	1
иан	unclassified_short	1
наг	unclassified_short	1
ума	unclassified_short	1
мәу	unclassified_short	1
йә	unclassified_short	1
ееесіткесін	non_lexical_filler	1
мәһ	unclassified_short	1
ыз	unclassified_short	1
иди	unclassified_short	1
әжеееееее	non_lexical_filler	1
атр	unclassified_short	1
оао	unclassified_short	1
бірікккен	non_lexical_filler	1
тәш	unclassified_short	1
іүо	unclassified_short	1
кэш	unclassified_short	1
вгс	unclassified_short	1
экологиии	non_lexical_filler	1
еэо	unclassified_short	1
хк	unclassified_short	1
фар	unclassified_short	1
эп	unclassified_short	1
ии	unclassified_short	1
гггерлік	non_lexical_filler	1
ях	unclassified_short	1
рын	unclassified_short	1
пуч	unclassified_short	1
ھақ	unclassified_short	1
ія	unclassified_short	1
амі	unclassified_short	1
дхр	unclassified_short	1
лхр	unclassified_short	1
жвн	unclassified_short	1
ашы	unclassified_short	1
тит	unclassified_short	1
рек	unclassified_short	1
бөөө	non_lexical_filler	1
уот	unclassified_short	1
сгс	unclassified_short	1
затттарда	non_lexical_filler	1
ұпа	unclassified_short	1
шк	unclassified_short	1
дзе	unclassified_short	1
зим	unclassified_short	1
шаи	unclassified_short	1
яңа	unclassified_short	1
пит	unclassified_short	1
эб	unclassified_short	1
s	unclassified_short	1
сек	unclassified_short	1
бұд	unclassified_short	1
дөт	unclassified_short	1
нит	unclassified_short	1
лоу	unclassified_short	1
маннның	non_lexical_filler	1
сбж	unclassified_short	1
хоқ	unclassified_short	1
блин	discourse_filler	1
рнп	unclassified_short	1
вэй	unclassified_short	1
мие	unclassified_short	1
нұқ	unclassified_short	1
дид	unclassified_short	1
құ	unclassified_short	1
ису	unclassified_short	1
час	unclassified_short	1
жіііс	non_lexical_filler	1
яла	unclassified_short	1
юз	unclassified_short	1
дөс	unclassified_short	1
дыз	unclassified_short	1
аһа	unclassified_short	1
ута	unclassified_short	1
ыыып	non_lexical_filler	1
әлу	unclassified_short	1
классстан	non_lexical_filler	1
ғың	unclassified_short	1
ими	unclassified_short	1
дэя	unclassified_short	1
һо	unclassified_short	1
лид	unclassified_short	1
жұң	unclassified_short	1
сад	unclassified_short	1
шии	unclassified_short	1
тш	unclassified_short	1
тс	unclassified_short	1
хэл	unclassified_short	1
сед	unclassified_short	1
пақ	unclassified_short	1
өқ	unclassified_short	1
сөс	unclassified_short	1
кгэ	unclassified_short	1
сур	unclassified_short	1
зз	unclassified_short	1
эүз	unclassified_short	1
пут	unclassified_short	1
йек	unclassified_short	1
ііііооооо	non_lexical_filler	1
фай	unclassified_short	1
тех	unclassified_short	1
аям	unclassified_short	1
ойя	unclassified_short	1
ипр	unclassified_short	1
мәб	unclassified_short	1
қпб	unclassified_short	1
ядр	unclassified_short	1
чың	unclassified_short	1
тәң	unclassified_short	1
квт	unclassified_short	1
фкп	unclassified_short	1
гын	unclassified_short	1
яун	unclassified_short	1
снк	unclassified_short	1
сик	unclassified_short	1
физ	unclassified_short	1
шег	unclassified_short	1
рих	unclassified_short	1
руф	unclassified_short	1
пур	unclassified_short	1
мач	unclassified_short	1
опд	unclassified_short	1
әнн	unclassified_short	1
сте	unclassified_short	1
мбэ	unclassified_short	1
хдо	unclassified_short	1
едп	unclassified_short	1
гэс	unclassified_short	1
юр	unclassified_short	1
баа	unclassified_short	1
уо	unclassified_short	1
флю	unclassified_short	1
эһ	unclassified_short	1
мап	unclassified_short	1
кр	unclassified_short	1
кә	unclassified_short	1
ауы	unclassified_short	1
фен	unclassified_short	1
баи	unclassified_short	1
ав	unclassified_short	1
вра	unclassified_short	1
дөй	unclassified_short	1
ғда	unclassified_short	1
хмм	unclassified_short	1
қыя	unclassified_short	1
лиг	unclassified_short	1
изм	unclassified_short	1
жұқ	unclassified_short	1
мей	unclassified_short	1
жк	unclassified_short	1
шұп	unclassified_short	1
түш	unclassified_short	1
бөк	unclassified_short	1
дтп	unclassified_short	1
зея	unclassified_short	1
аэф	unclassified_short	1
эт	unclassified_short	1
убт	unclassified_short	1
ока	unclassified_short	1
дит	unclassified_short	1
гоа	unclassified_short	1
окж	unclassified_short	1
ктв	unclassified_short	1
ща	unclassified_short	1
тес	unclassified_short	1
дтл	unclassified_short	1
дно	unclassified_short	1
лам	unclassified_short	1
хар	unclassified_short	1
ищи	unclassified_short	1
қиы	unclassified_short	1
ііід	non_lexical_filler	1
йен	unclassified_short	1
шәт	unclassified_short	1
мүз	unclassified_short	1
ус	unclassified_short	1
сти	unclassified_short	1
гос	unclassified_short	1
йол	unclassified_short	1
оһ	unclassified_short	1
b	unclassified_short	1
паж	unclassified_short	1
уәп	unclassified_short	1
ині	unclassified_short	1
мұй	unclassified_short	1
бій	unclassified_short	1
яқи	unclassified_short	1
әка	unclassified_short	1
лол	unclassified_short	1
нун	unclassified_short	1
туууфф	non_lexical_filler	1
хью	unclassified_short	1
хоф	unclassified_short	1
әуп	unclassified_short	1
үх	unclassified_short	1
ушу	unclassified_short	1
лео	unclassified_short	1
сссығайдың	non_lexical_filler	1
мәс	unclassified_short	1
снг	unclassified_short	1
руа	unclassified_short	1
лы	unclassified_short	1
ищу	unclassified_short	1
тм	unclassified_short	1
рік	unclassified_short	1
ойбуййй	non_lexical_filler	1
сссамат	non_lexical_filler	1
хммм	non_lexical_filler	1
оле	unclassified_short	1
ассииизм	non_lexical_filler	1
сэн	unclassified_short	1
әә	non_lexical_filler	1
гиа	unclassified_short	1
ааааййтуындай	non_lexical_filler	1
қаражатттың	non_lexical_filler	1
еей	unclassified_short	1
хаф	unclassified_short	1
скл	unclassified_short	1
уик	unclassified_short	1
зім	unclassified_short	1
юкі	unclassified_short	1
әре	unclassified_short	1
циклоннның	non_lexical_filler	1
рі	unclassified_short	1
чук	unclassified_short	1
хн	unclassified_short	1
һеш	unclassified_short	1
жлл	unclassified_short	1
жмл	unclassified_short	1
сх	unclassified_short	1
үщ	unclassified_short	1
мех	unclassified_short	1
милллион	non_lexical_filler	1
үшү	unclassified_short	1
жип	unclassified_short	1
шүу	unclassified_short	1
гея	unclassified_short	1
неі	unclassified_short	1
вер	unclassified_short	1
сиа	unclassified_short	1
ите	unclassified_short	1
опр	unclassified_short	1
даң	unclassified_short	1
луч	unclassified_short	1
ямб	unclassified_short	1
саа	unclassified_short	1
оой	unclassified_short	1
бра	unclassified_short	1
дүм	unclassified_short	1
тпр	unclassified_short	1
жыя	unclassified_short	1
екi	unclassified_short	1
ыта	unclassified_short	1
це	unclassified_short	1
гис	unclassified_short	1
өші	unclassified_short	1
эич	unclassified_short	1
фол	unclassified_short	1
бхк	unclassified_short	1
има	unclassified_short	1
ееееуууууу	non_lexical_filler	1
тұх	unclassified_short	1
цру	unclassified_short	1
қыф	unclassified_short	1
тср	unclassified_short	1
ооо	non_lexical_filler	1
дәр	unclassified_short	1
вцм	unclassified_short	1
гир	unclassified_short	1
дүт	unclassified_short	1
фас	unclassified_short	1
мхт	unclassified_short	1
